{"10.15482USDA.ADC1521120":25697109,"10.15482USDA.ADC1529103":25697112,"NRCS0016":25697115,"NRCS0025":25697118,"NRCS0035":25697121,"NRCS0046":25697124,"NRCS0057":25697127,"NRCS0065":25697130,"NRCS0088":25697133,"NRCS0098":25697136,"SDA-NIFA-RV-0006":25697139,"USDA-9361":25697142}