{"NRCS0016": 9330064, "NRCS0025": 9330066, "NRCS0035": 9330070, "NRCS0046": 9330072, "NRCS0057": 9330074, "NRCS0065": 9330078, "NRCS0088": 9330080, "NRCS0098": 9330082, "SDA-NIFA-RV-0006": 9330084, "USDA-9361": 9330086, "10.15482USDA.ADC1529103": 9354224, "10.15482USDA.ADC1521120": 9516604}